{
  "generatedAt": "2026-01-08T18:53:24.919Z",
  "paperReference": "Wang & Li (2019) - Task Scheduling Based on Hybrid Heuristic Algorithm",
  "parameters": {
    "fogNodes": 10,
    "taskCounts": [
      50,
      100,
      150,
      200,
      250,
      300
    ],
    "toleranceTimes": [
      10,
      20,
      30,
      40,
      50,
      60,
      70,
      80,
      90,
      100
    ],
    "iterationsPerTest": 3
  },
  "completionTime": [
    {
      "taskCount": 50,
      "hh": {
        "delay": 1817.9239476200491,
        "energy": 16.17238457043248,
        "reliability": 29.333333333333332,
        "time": 530
      },
      "ipso": {
        "delay": 1674.2755327850546,
        "energy": 14.171943219180434,
        "reliability": 38.666666666666664,
        "time": 179.66666666666666
      },
      "iaco": {
        "delay": 1793.7347519382986,
        "energy": 15.252743364249165,
        "reliability": 31.333333333333332,
        "time": 834
      },
      "rr": {
        "delay": 2028.1590034279034,
        "energy": 16.920141015215325,
        "reliability": 28.666666666666668,
        "time": 0
      },
      "minMin": {
        "delay": 2009.1239678149439,
        "energy": 16.820293589289474,
        "reliability": 29.333333333333332,
        "time": 0.3333333333333333
      }
    },
    {
      "taskCount": 100,
      "hh": {
        "delay": 3845.6131161708677,
        "energy": 35.24122854835034,
        "reliability": 25.333333333333332,
        "time": 1098.3333333333333
      },
      "ipso": {
        "delay": 3512.7653191586505,
        "energy": 32.72766086014001,
        "reliability": 27.666666666666668,
        "time": 264
      },
      "iaco": {
        "delay": 3726.646037335675,
        "energy": 35.42954812217884,
        "reliability": 25.666666666666668,
        "time": 6206.333333333333
      },
      "rr": {
        "delay": 4183.926793490881,
        "energy": 38.08116228272937,
        "reliability": 21.666666666666668,
        "time": 0
      },
      "minMin": {
        "delay": 4171.7252765921685,
        "energy": 38.37791493490763,
        "reliability": 22,
        "time": 0.3333333333333333
      }
    },
    {
      "taskCount": 150,
      "hh": {
        "delay": 5563.529276165424,
        "energy": 51.63541672610092,
        "reliability": 26,
        "time": 1967.6666666666667
      },
      "ipso": {
        "delay": 5099.327828573928,
        "energy": 47.25901553027487,
        "reliability": 30.222222222222218,
        "time": 507.3333333333333
      },
      "iaco": {
        "delay": 5372.188021759032,
        "energy": 49.81985020711114,
        "reliability": 26.88888888888889,
        "time": 3458
      },
      "rr": {
        "delay": 6266.784448645609,
        "energy": 56.5827355003781,
        "reliability": 22.88888888888889,
        "time": 0.6666666666666666
      },
      "minMin": {
        "delay": 6206.049778737029,
        "energy": 56.51399733916731,
        "reliability": 22.222222222222218,
        "time": 0.3333333333333333
      }
    },
    {
      "taskCount": 200,
      "hh": {
        "delay": 7907.866469714089,
        "energy": 75.77794080630541,
        "reliability": 21.333333333333332,
        "time": 2624
      },
      "ipso": {
        "delay": 7367.771167521179,
        "energy": 71.50953592239175,
        "reliability": 25.166666666666668,
        "time": 550.3333333333334
      },
      "iaco": {
        "delay": 7644.24809356927,
        "energy": 74.15769496108722,
        "reliability": 23,
        "time": 4729.666666666667
      },
      "rr": {
        "delay": 8472.402728287903,
        "energy": 81.69337044748124,
        "reliability": 21.5,
        "time": 0
      },
      "minMin": {
        "delay": 8508.206696517866,
        "energy": 81.17993206538613,
        "reliability": 20.333333333333332,
        "time": 1
      }
    },
    {
      "taskCount": 250,
      "hh": {
        "delay": 10089.564001300738,
        "energy": 89.9615116858086,
        "reliability": 24.533333333333335,
        "time": 8072.333333333333
      },
      "ipso": {
        "delay": 9178.784789506748,
        "energy": 81.38736638304148,
        "reliability": 27.866666666666664,
        "time": 2393.6666666666665
      },
      "iaco": {
        "delay": 9638.667304895762,
        "energy": 87.09378181253373,
        "reliability": 25.333333333333332,
        "time": 9620.666666666666
      },
      "rr": {
        "delay": 10560.05402137196,
        "energy": 93.31098594942476,
        "reliability": 22.400000000000002,
        "time": 0.3333333333333333
      },
      "minMin": {
        "delay": 10653.562941241447,
        "energy": 94.10644595500243,
        "reliability": 24,
        "time": 1
      }
    },
    {
      "taskCount": 300,
      "hh": {
        "delay": 11998.320283013896,
        "energy": 101.76362510731583,
        "reliability": 20,
        "time": 5274.333333333333
      },
      "ipso": {
        "delay": 10756.90493073597,
        "energy": 92.52264425862364,
        "reliability": 24.444444444444446,
        "time": 835
      },
      "iaco": {
        "delay": 11629.304948648709,
        "energy": 102.4158362510197,
        "reliability": 20.88888888888889,
        "time": 9709.666666666666
      },
      "rr": {
        "delay": 12806.874511691154,
        "energy": 109.49240433476301,
        "reliability": 19.88888888888889,
        "time": 1.3333333333333333
      },
      "minMin": {
        "delay": 12871.184151531088,
        "energy": 109.16949298308839,
        "reliability": 19.88888888888889,
        "time": 0
      }
    }
  ],
  "toleranceReliability": [
    {
      "maxToleranceTime": 10,
      "hh": 0.5,
      "ipso": 0,
      "iaco": 0,
      "rr": 1
    },
    {
      "maxToleranceTime": 20,
      "hh": 8.5,
      "ipso": 11,
      "iaco": 10,
      "rr": 10
    },
    {
      "maxToleranceTime": 30,
      "hh": 28.499999999999996,
      "ipso": 32,
      "iaco": 31.5,
      "rr": 27.500000000000004
    },
    {
      "maxToleranceTime": 40,
      "hh": 46,
      "ipso": 48,
      "iaco": 46.5,
      "rr": 42
    },
    {
      "maxToleranceTime": 50,
      "hh": 65,
      "ipso": 70.5,
      "iaco": 69.5,
      "rr": 63.5
    },
    {
      "maxToleranceTime": 60,
      "hh": 82.5,
      "ipso": 86.5,
      "iaco": 82.5,
      "rr": 78.5
    },
    {
      "maxToleranceTime": 70,
      "hh": 93.5,
      "ipso": 94,
      "iaco": 93.5,
      "rr": 89
    },
    {
      "maxToleranceTime": 80,
      "hh": 97,
      "ipso": 98,
      "iaco": 97.5,
      "rr": 94
    },
    {
      "maxToleranceTime": 90,
      "hh": 99,
      "ipso": 99.5,
      "iaco": 100,
      "rr": 99
    },
    {
      "maxToleranceTime": 100,
      "hh": 99.5,
      "ipso": 100,
      "iaco": 100,
      "rr": 98.5
    }
  ]
}